goodsid;naim;izm;ostatok;priceroz;sku;barcode
462;Намордник ДАРЭЛЛ нейлон.регулируемый  №1 (12 - 16 см), чёрный.;шт.;1;2000;004249;4690660004249
463;Намордник ДАРЭЛЛ нейлон.регулируемый  №2 (15-20см), чёрный.;шт.;1;2200;829816;4640004829816
464;Намордник ДАРЭЛЛ нейлон.регулируемый  №3 (18-24см), чёрный.;шт.;1;2450;004256;4690660004256
465;Намордник ДАРЭЛЛ нейлон.регулируемый  №4 (20-25см), чёрный.;шт.;1;2500;829823;4640004829823
466;Намордник ДАРЭЛЛ нейлон.регулируемый  №5 (23-31см), чёрный.;шт.;1;2550;004263;4690660004263
467;Намордник ДАРЭЛЛ нейлон.регулируемый  №6 (26-35см), чёрный.;шт.;1;2700;829755;4640004829755
480;Поводок брезентовый 2м.;шт.;2;2865;567964;2000012567964
483;Поводок брезентовый 2м. (25мм);шт.;1;3100;617966;2000012617966
481;Поводок брезентовый 3м.;шт.;2;3460;577963;2000012577963
484;Поводок брезентовый 3м. (25мм);шт.;1;3755;637964;2000012637964
482;Поводок брезентовый 5м.;шт.;2;4575;587962;2000012587962
485;Поводок брезентовый 5м. (25мм);шт.;1;4800;657962;2000012657962
486;Поводок брезентовый усиленный 2м. (30мм);шт.;1;3950;707964;2000012707964
487;Поводок брезентовый усиленный 3м. (30мм);шт.;1;4940;651962;2000072651962
488;Поводок брезентовый усиленный 5м. (30мм);шт.;1;7000;747960;2000012747960
489;Поводок капроновый КРАСНЫЙ, 5 м * 20 мм. ЗООНИК.;шт.;1;10975;921416;4620018921416
490;Поводок цепь 2мм с кож.ручкой;шт.;2;3550;107969;2000015107969
491;Поводок цепь 3мм с кож.ручкой;шт.;2;5050;127967;2000015127967
496;Рулетка SAFARI M (5 м, 20 кг) трос, зелёный тигр. FLEXI.;шт.;2;14920;021927;4000498021927
388;Комплект капроновая шлейка и поводок №10;шт.;1;1850;031967;2000077031967
426;Комплект шлейка (ОШ 20-30 см, ОГ 30-45 см) и поводок (1,2 м), 1 см, ЗЕЛЁНЫЙ. ДАРЭЛЛ.;шт.;1;2050;045457;4690660045457
427;Комплект шлейка (ОШ 20-30 см, ОГ 30-45 см) и поводок (1,2 м), 1 см, СЕРЫЙ. ДАРЭЛЛ.;шт.;1;2050;045495;4690660045495
428;Комплект шлейка (ОШ 20-30 см, ОГ 30-45 см) и поводок (1,2 м), 1 см, ФИОЛЕТОВЫЙ. ДАРЭЛЛ.;шт.;1;2050;045518;4690660045518
429;Комплект шлейка (ОШ 20-30 см, ОГ 30-45 см) и поводок (1,2 м), 1 см, ЧЁРНЫЙ. ДАРЭЛЛ.;шт.;1;2050;045525;4690660045525
41;Cliny Паста для вывода шерсти 75мл;шт.;2;3825;073514;4607092073514
42;Cliny паста для вывода шерсти курица 30мл;шт.;2;2650;076911;4607092076911
73;Cliny паста для вывода шерсти лосось 30мл;шт.;2;2650;076898;4607092076898
43;Cliny паста для вывода шерсти сыр 30мл;шт.;2;2650;076904;4607092076904
431;КонтрСекс NEO Для кошек и сук, таблетки для регуляции половой охоты/ 2блистера по 5таб.;шт.;3;1500;630150;4607086630150
430;КонтрСекс Neo капли для кошек и сук для регуляции половой охоты 2мл;шт.;3;2115;630136;4607086630136
474;Mr. Fresh пакеты для уборки фекалий с брелоком 40 пакетов;шт.;3;2100;073347;4607092073347
475;Mr.Fresh Пакеты для уборки фекалий 20шт;шт.;10;865;073330;4607092073330
476;Биоразлагаемые пакеты гигиенические "Айда гулять!" 1 рулон, 20 пакетов.;шт.;10;1000;074515;4607029074515
477;Пакеты гигиенические "Айда гулять!" 1 рулон, 20 пакетов.;шт.;10;865;071224;4607029071224
40;Cliny зуб/гель для кошек и собак 75 ml;шт.;1;2400;073507;4607092073507
293;Cliny зубная щетка+массажёр для десен;шт.;1;2300;073323;4607092073323
501;ANIMAL PLAY спрей зоогигенический отучение гадить для собак и кошек, 200 мл.;шт.;1;1575;250173;4630030250173
44;MF Expert Отучение гадить для кошек 200мл F407;шт.;3;3240;076416;4607092076416
45;MF Expert Отучение гадить для собак 200мл F408;шт.;3;3240;076492;4607092076492
499;Стоп Проблема "Приучение к когтеточке" 120мл;шт.;1;1780;074115;4607092074115
500;Стоп Проблема "Приучение к лотку" 120мл;шт.;1;1780;073187;4607092073187
498;Стоп Проблема Не царапает, не грызет 120мл;шт.;1;1780;073156;4607092073156
497;Стоп Проблема не гадит не метит 120мл;шт.;1;2260;073163;4607092073163
509;ANIMAL PLAY SWEET шампунь для собак и кошек БАНАНОВЫЙ ПАНКЕЙК, 300 мл.;шт.;1;1400;251910;4630030251910
510;ANIMAL PLAY SWEET шампунь для собак и кошек ВИНОГРАД И ГВОЗДИКА, 300 мл.;шт.;1;1400;252412;4630030252412
507;GOOD CAT шампунь для кошек и котят АБРИКОС, 250 мл.;шт.;2;950;342363;4640018342363
508;GOOD CAT шампунь для кошек и котят АЛОЭ ВЕРА, 250 мл.;шт.;2;950;342516;4640018342516
506;GOOD CAT шампунь для кошек и котят БАБЛ ГАМ, 250 мл.;шт.;2;950;342677;4640018342677
503;GOOD DOG шампунь для собак и щенков АБРИКОС, 250 мл.;шт.;2;950;342370;4640018342370
502;GOOD DOG шампунь для собак и щенков БАБЛ ГАМ, 250 мл.;шт.;2;950;342684;4640018342684
504;GOOD DOG шампунь для собак и щенков ХВОЯ, 250 мл.;шт.;2;950;346200;4640018346200
505;GOOD DOG&CAT шампунь для кошек и собак антипаразитарный, 250 мл.;шт.;2;1000;342660;4640018342660
338;Дешеддер большой, 45 крупных зубьев. DeLIGHT.;шт.;1;14000;952663;4630055952663
339;Дешеддер средний, 65 зубьев. DeLIGHT.;шт.;1;15000;952618;4630055952618
376;Когтерез 11.8*2см;шт.;2;2100;060579;4627165060579
378;Когтерез 12*1.8см;шт.;2;1500;060470;4627165060470
377;Когтерез 12.3*1.8см;шт.;1;1700;060449;4627165060449
374;Когтерез 16.5*2.5 см Алиса;шт.;2;2250;060555;4627165060555
375;Когтерез 8.5*1.8см;шт.;2;1300;060456;4627165060456
379;Когтерез 8.6*1.8см;шт.;2;1600;060487;4627165060487
380;Когтерез д/мелких животных DeLIGHT малый прямой для кошек 3903;шт.;2;3500;951369;4630055951369
381;Когтерез д/мелких животных DeLIGHT малый с упором;шт.;2;3600;951376;4630055951376
382;Когтерез-секатор DeLIGHT малый с упором;шт.;2;6000;951437;4630055951437
479;Перчатка для вычесывания шерсти Пш-1001;шт.;1;3250;603955;4660020603955
492;Пуходёрка пластмассовая большая с каплей, средней жёсткости. ЗООНИК.;шт.;2;2500;005542;4620866005542
493;Пуходёрка пластмассовая мал. с каплей, средней жёсткости. ЗООНИК.;шт.;2;1500;823101;4607017823101
494;Пуходёрка пластмассовая средняя с каплей, средней жёсткости. ЗООНИК.;шт.;2;2000;823095;4607017823095
495;Пуходёрка пластмассовая трёхрядная большая с фигурной ручкой с каплей. ЗООНИК.;шт.;2;3000;825969;4607017825969
61;Savic прогулочный шар для хомяков 12см.;шт.;2;3500;001971;5411388001971
62;Savic прогулочный шар для хомяков 18см.;шт.;2;5400;001872;5411388001872
355;Дразнилка "Бамбина" ZOOARENA;шт.;2;2000;289947;799493289947
356;Дразнилка "Мышка с бантиком" ZOOARENA;шт.;2;2000;000174;6909493000174
357;Дразнилка "Облако" ZOOARENA;шт.;2;2000;000204;6909493000204
358;Дразнилка "Погремушка" ZOOARENA;шт.;2;1300;000211;6909493000211
359;Дразнилка "Цветочек" ZOOARENA;шт.;2;2000;000815;6909493000815
343;Дразнилка-удочка "Гусеница", деревянная палочка;шт.;2;900;394012;4603738394012
344;Дразнилка-удочка "Мышка с колокольчиком", деревянная палочка 38см;шт.;2;1100;320075;7930068320075
345;Дразнилка-удочка "Мышь из фетра с норковым хвостиком", деревянная палочка;шт.;2;1100;394364;4603738394364
353;Дразнилка-удочка "Норка на трубочке", деревянная палочка 38см;шт.;2;1100;320471;7930068320471
346;Дразнилка-удочка "Норковая кисточка", деревянная палочка 38см;шт.;2;1150;394364;7930068320464
347;Дразнилка-удочка "Норковый мячик на пружинке", деревянная палочка 38см;шт.;2;1500;394418;4603738394418
348;Дразнилка-удочка "Пружинки с норкой", деревянная палочка 38см;шт.;2;1200;394425;4603738394425
354;Дразнилка-удочка "Птичка с кошачьей мятой и перьями", деревянная палочка;шт.;1;1200;394449;4603738394449
349;Дразнилка-удочка "Разноцветные трубочки", деревянная палочка;шт.;2;1150;320440;7930068320440
350;Дразнилка-удочка "Рыбка с кошачьей мятой и перьями", деревянная палочка;шт.;2;1500;394456;4603738394456
351;Дразнилка-удочка "Салют из перьев", деревянная палочка 38см;шт.;2;1000;320013;7930068320013
352;Дразнилка-удочка "Фетровая бабочка с норкой и лентами", деревянная палочка 38см;шт.;2;900;394401;4603738394401
342;Дразнилка-удочка "Хвост", деревянная палочка;шт.;2;900;320051;7930068320051
371;Набор игрушек для кошек, микс, 4 шт.;шт.;2;1800;123756;4680466123756
363;Веселая ножка, 13 см. ЗООНИК.;шт.;1;1865;825280;4607017825280
364;Игрушка для собак "Канат" Зооник 20-25 см, 2 узла Диаметр: 16 см;шт.;1;1450;277236;4650002277236
365;Игрушка для собак "Канат" Зооник 35-37 см, 3 узла Диаметр: 16 см;шт.;1;2100;277243;4650002277243
366;Игрушка для собак "Канат" Зооник 42-44 см, 2 узла Диаметр: 16 см;шт.;1;2635;277250;4650002277250
360;Игрушка для собак "Кошка" гантель 20см;шт.;2;1500;828144;4607017828144
361;Кость №2, 15 см. ЗООНИК.;шт.;1;1500;820766;4607017820766
362;Кукуруза, 14,5 см. ЗООНИК.;шт.;1;1500;820889;4607017820889
368;Мяч малый Doglike (Оранжевый) O6,5см;шт.;2;2600;232334;4680016232334
369;Мяч цельнорезиновый чёрный, 6,5 см. ЗООНИК.;шт.;2;2200;821497;4607017821497
370;Мяч цельнорезиновый чёрный, 8 см. ЗООНИК.;шт.;2;3500;821473;4607017821473
372;Набор мячей для собак, 3 шт. NUNBELL.;шт.;2;2890;033093;4680466033093
373;Набор мячиков для животных, 4 шт. NUNBELL.;шт.;2;1500;015907;4680466015907
367;Снаряд малый "Tug&Twist" серии "Doglike PRO" 200*135*35;шт.;2;2800;421290;4680035421290
340;Дарэленд 81111черн Домик-когтеточка Конфетти квадратный 41*37*h70см;шт.;1;28000;81111;4690660128495
341;Домик когтеточка "НИКА" круглый с полкой 40*40*75см;шт.;1;23000;193210;4631136193210
385;Когтеточка "Чип" столбик с мышью (джут);шт.;1;9500;017775;4690660017775
383;Когтеточка “ЕСО” Пальма (столбик джут,мех,узор) 30*30*42;шт.;1;10000;024100;4690660024100
384;Когтеточка “ЕСО” СТОЛБИК джут 60 см;шт.;1;8700;024124;4690660024124
386;Когтеточка картонная ДОМАШНЯЯ 50 * 24 см;шт.;1;2500;008047;4602009008047
387;Когтеточка картонная ДОМАШНЯЯ 56*30см;шт.;5;3000;239003;4684511239003
89;Monge BWILD GRAIN FREE PATE Беззерновой паштет для кошек \Взрослые \Треска с овощами 100 гр;жб;4;850;012867;8009470012867
124;Monge CAT DELICATE Chicken with asparagus \ Курица со спаржей 80гр;жб;30;1120;007320;8009470007320
123;Monge CAT DELICATE Chicken with omlette & anchovies \ Курица с омлетом и анчоусами 80 гр;жб;24;1120;007306;8009470007306
122;Monge CAT DELICATE Chicken with squid \ Курица с кальмаром 80 гр;жб;26;1120;007290;8009470007290
116;Monge CAT NATURAL Tuna & Chicken with corn \ Тунец с курицей и кукурузой 80 гр;жб;20;1120;007238;8009470007238
117;Monge CAT NATURAL Yellowfin tuna with salmon \ Желтоперый тунец с лососем влажный корм для кошек, 80 гр;жб;32;1120;007245;8009470007245
119;Monge CAT NATURAL влажный корм для взрослых кошек Seafood mixed with chicken \ Морской коктель с курицей, 80 гр;жб;29;1120;007269;8009470007269
118;Monge CAT NATURAL влажный корм для взрослых кошек с курицей и креветками, 80 гр;жб;10;1120;007252;8009470007252
120;Monge CAT NATURAL влажный корм для кошек Tuna & Chicken with beef \ Тунец с курицей и телятиной 80 гр;жб;22;1120;007276;8009470007276
115;Monge CAT NATURAL кусочки для кошек с атлантическим тунцом 80гр;жб;13;1120;007214;8009470007214
121;Monge Cat Delicate кусочки для кошек с курицей 80гр;жб;23;1120;007283;8009470007283
125;Monge Cat Delicate кусочки для кошек с курицей и ветчиной 80гр;жб;15;1120;007337;8009470007337
94;Monge Fruits  Tuna & Kiwi  влажный корм для кошек с тунцом и киви, 80 гр;жб;5;1120;013307;8009470013307
98;Monge Fruits Chicken & Fruits влажный корм для кошек с фруктами и курицей, 80 гр;жб;9;1120;013376;8009470013376
415;Monge Fruits Chicken & Papaya влажный корм для кошек с папайей и курицей, 80 гр;жб;5;1145;013321;8009470013321
416;Monge Fruits Chicken & Pineapple влажный корм для кошек с курицей и ананасами 80 г;жб;5;1145;013338;8009470013338
95;Monge Fruits Tonno & Fruits влажный корм для кошек с фруктами и тунцом, 80 гр;жб;10;1070;013314;8009470013314
414;Monge Fruits Tuna & Apple влажный корм для кошек с тунцом и яблоком, 80 гр;жб;5;1145;013284;8009470013284
412;Monge Fruits Tuna & Papaya влажный корм для кошек с тунцом и папайей, 80 гр;жб;5;1145;013260;8009470013260
413;Monge Fruits Tuna & Pineapple влажный корм для кошек с тунцом и ананасом, 80 гр;жб;5;1145;013277;8009470013277
96;Monge Fruits chiken & Apple влажный корм для кошек с курицей и яблоком 80 гр;жб;2;1120;013345;8009470013345
298;NP Natures Protection Cat Sensible Digestion Turkey&lamb консервы для кош 400гр;жб;5;1690;246356;4771317246356
297;NP Natures Protection Cat adult with chicken & cheese 400 г консервы для кошек с курицей и сыром;жб;6;1420;456083;4771317456083
417;Monge Vetsolution Urinary Struvite влажный корм для кошек с мочекаменной болезнью, 100 гр;жб;12;790;014625;8009470014625
292;Royal Canin Recovery (интенсивная терапия) Диета для собак и кошек в восстановительный период после болезни, интенсивной терапии. Банка 195 гр;жб;85;1615;307717;9003579307717
97;Monge Fruits Polo & Aloe - Kitten влажный корм для котят с алоэ и курицей, 80 гр;жб;10;1120;013352;8009470013352
93;Monge Fruits Tonno & Aloe - Kitten влажный корм для котят тунец с алое, 80 гр;шт.;3;1120;013291;8009470013291
300;NP Natures Protection Kitten Turkey&Rabbit консервы для кошек 400гр;шт.;6;1730;246349;4771317246349
301;NP Natures Protection Kitten Turkey&Salmon консервы для котят c мясом индюка и лососем 400гр;шт.;6;1730;451002;4771317451002
247;Royal Canin MOTHER& BABY CAT Паштет для котят до 2 месяцев 195 g;шт.;119;1890;311660;9003579311660
92;Monge BWILD GRAIN FREE PATE Беззерновой паштет для кошек \Стерилизованные \Тунец с овощами 100 гр;шт.;48;740;012898;8009470012898
296;NP Natures Protection Cat Neutered Turkey,Salmon&Rice консервы для кош 400гр;шт.;6;1730;246363;4771317246363
299;NP Natures Protection Cat Sterilised with chicken & duck 400 г консервы для кошек;шт.;6;1590;456113;4771317456113
404;Monge BWILD GRAIN FREE \БЕЗЗЕРНОВЫЕ КУСОЧКИ НЕПРАВИЛЬНОЙ ФОРМЫ ДЛЯ СОБАК Беззерновые кусочки\Взрослые\Ягненок,Тыква и Цукини 400 гр;шт.;6;1470;012614;8009470012614
406;Monge BWild GF Mini Adult Anatra 400 г  для собак малых пород, беззерновое питание с уткой, тыквой и цукини;шт.;6;1470;012638;8009470012638
407;Monge Dog BWild GRAIN FREE беззерновые консервы из индейки с тыквой и кабачками для взрослых собак всех пород 400г;шт.;6;1470;012645;8009470012645
405;Monge Dog BWild GRAIN FREE беззерновые консервы из лосося с тыквой и кабачками для взрослых собак всех пород 400г;шт.;6;1470;012621;8009470012621
108;Monge VetSolution Recovery Dog влажный корм для собак 150гр;жб;19;790;014533;8009470014533
114;Monge dog Natural Консервы для собак Нежный цыпленок 95 гр;жб;5;1120;006972;8009470006972
112;Monge dog Natural Консервы для собак Цыпленок с ветчиной 95 гр;жб;4;1120;006941;8009470006941
113;Monge dog Natural Консервы для собак Цыпленок с овощами 95 гр;жб;5;1120;006965;8009470006965
111;Monge dog Natural Консервы для собак Цыпленок с сыром 95 гр;жб;5;1120;006934;8009470006934
110;Monge fresh Мясной рулет с кусочками ягненка для Взрослых 400 гр;жб;2;1255;014571;8009470014571
47;NP Nature’s Protection Aduly Chiken&Turkey консервы для собак 200г;жб;6;940;245229;4771317245229
314;Royal Canin HYPOALLERGENIC Влажный корм для собак с аллергией 400 g;жб;10;2340;311004;9003579311004
286;Royal Canin RENAL DOG CAN корм для взрослых собак, страдающих хронической почечной недостаточностью 410g;жб;5;2340;000748;9003579000748
290;Royal Canin SENSITIVITY CHICKEN DOG CAN Влажный корм для собак при аллергиях, диареях 420 g. (курица+рис);шт.;10;2340;308004;9003579308004
289;Royal Canin SENSITIVITY DUCK DOG CAN Влажный корм для собак при аллергиях, диареях 420g. (утка+рис);жб;10;2340;308011;9003579308011
287;Royal Canin URINARY DOG CAN корм для собак, страдающих циститами бактериального происхождения 410g;жб;10;2340;310632;9003579310632
403;Monge Dog BWild GRAIN FREE Puppy&Junior беззерновые консервы из утки с тыквой и кабачками для щенков всех пород 400г;шт.;6;1470;012607;8009470012607
14;NP Nature's Protection Puppy Chicken & Rabbit 800г;жб;14;2400;450913;4771317450913
294;NP Nature's Protection Puppy Lamb 200г;жб;4;940;245212;4771317245212
433;Little One Корм для шиншилл 400 гр;шт.;5;1250;781485;4602533781485
434;Little One корм для шиншилл, 900 гр;шт.;5;2335;783595;4602533783595
432;Little one Корм для морских свинок 400 гр;шт.;5;1610;781430;4602533781430
436;Корм для морских свинок "Lolo Pets", 500г;шт.;2;1700;713001;5904479713001
210;Brit Premium Cat Adult Chicken сухой корм премиум класса с курицей для взрослых кошек 2;шт.;3;8780;049646;4680265049646
209;Brit Premium Cat Adult Salmon сухой корм премиум класса с лососем для взрослых кошек. 2 кг;шт.;3;8780;049615;4680265049615
213;Brit Premium Cat Indoor сухой корм премиум класса с курицей для кошек дом. содержания 2 кг;шт.;2;9000;049769;4680265049769
212;Brit Premium Cat Sensitive сух. премиум с ягнен, и инд. д/взр кошек с чувств.пищ. 2 кг;шт.;3;10305;049738;4680265049738
392;MONGE BWILD CAT DRY FOOD Сухой корм д/кошек с зайчатиной 65% мяса 1,5кг-;шт.;2;10190;001200;800947001200
397;Monge Natural Superpremium Monoprotein монопротеиновый кролик 1.5 кг;шт.;1;8900;011945;8009470011945
320;Royal Canin AROMA EXIGENT 10kg. корм для кошек, очень требовательных к запаху пищи 10kg;шт.;1;48525;767361;3182550767361
321;Royal Canin AROMA EXIGENT 400g. корм для кошек, очень требовательных к запаху пищи 400g;шт.;3;2650;767262;3182550767262
237;Royal Canin EXIGENT 35/30 SAVOUR 10kg. корм для привередливых кошек 10 kg;шт.;1;48380;721660;3182550721660
234;Royal Canin FIT 32 2kg. корм для кошек, бывающих на улице, 2 кг;шт.;5;9750;702201;3182550702201
322;Royal Canin HAIR & SKIN CARE 2kg. Корм для красоты кожи и шерсти 2 кг;шт.;2;12570;721738;3182550721738
233;Royal Canin INDOOR 2kg. Корм для кошек, живущих в доме 2kg;шт.;10;10300;704625;3182550704625
239;Royal Canin INDOOR 7+ Корм для кошек, живущих в доме 1.5kg;шт.;7;7700;784399;3182550784399
319;Royal Canin INDOOR LONGHAIR 2kg.;шт.;3;10500;739382;3182550739382
261;Royal Canin MAINE COON 2 кг Сухой корм для взрослых кошек породы Мейнкун;шт.;13;11695;710640;3182550710640
240;Royal Canin ORAL CARE 1.5 кг КОРМ ДЛЯ КОШЕК ДЛЯ ПРОФИЛАКТИКИ ОБРАЗОВАНИЯ ЗУБНОГО НАЛЕТА И ЗУБНОГО КАМНЯ;шт.;2;9410;717182;3182550717182
238;Royal Canin PROTEIN EXIGENT 10kg. корм для кошек, требовательных к количеству белка 10kg;шт.;1;47500;767231;3182550767231
241;Royal Canin PROTEIN EXIGENT 2kg. корм для кошек, требовательных к количеству белка 2kg;шт.;2;11300;767194;3182550767194
262;Royal canin BRITISH SHORTHAIR 2kg Сухой корм для кошек британской породы;шт.;20;11695;756419;3182550756419
236;Royal canin SENSIBLE 33 10kg. корм для кошек, с чувствительным пищеварением 10 кг;шт.;1;46355;702355;3182550702355
315;Royal canin SENSIBLE 33 2kg. корм для кошек, с чувствительным пищеварением 2кг;шт.;10;11500;702317;3182550702317
191;Monge VetSolution Diabetic Cat для взрослых кошек 1.5 кг;шт.;1;13800;081757;8009470081757
193;Monge VetSolution Hepatic Cat для взрослых кошек 400г;шт.;2;3600;081672;8009470081672
192;Monge VetSolution Renal Cat для взрослых кошек 1.5 кг;шт.;2;13225;081658;8009470081658
245;Royal Canin CALM FELINE 2KG для кошек, чувствительных к стрессу;шт.;2;14550;765350;3182550765350
10;Royal Canin Neutered Cat VD Satiety Balance для поддержания формы после кастрации сух. 400g;шт.;2;2520;799621;3182550799621
270;Royal Canin RENAL SPECIAL 2KG Корм сухой для взрослых кошек с пониженным аппетитом для поддержания функции почек при острой или хронической почечной недостаточности;шт.;5;15050;748155;3182550748155
8;Royal Canin Renal Special Сухой корм для кошек при острой-хронической почечной недостаточности с пониженым аппетитом 400g;шт.;2;3480;917049;3182550917049
4;Royal Canin SKIN & COAT корм при дермотозах и чрезмерном выпадении шерсти 400g;шт.;3;3025;899321;3182550899321
6;Royal Canin Sensivity Control Сухой корм для взрослых кошек при пищевой аллергии 1,5kg;шт.;4;10335;759687;3182550759687
7;Royal Canin Sensivity Control Сухой корм для взрослых кошек при пищевой аллергии 400g;шт.;3;3025;759670;3182550759670
211;Brit Premium Cat Kitten сухой корм премиум класса с курицей и лососем для котят 2 кг;шт.;3;8950;049677;4680265049677
85;Monge Cat Monoprotein Kitten Сухой корм для котят с форелью 1,5кг;шт.;2;10235;005500;8009470005500
325;Royal Canin BRITISH SHORTHAIR KITTEN Корм для котят британской породы 2 кг;шт.;10;13170;816533;3182550816533
230;Royal Canin KITTEN 36 400g. Корм для котят 400g;шт.;5;2480;702379;3182550702379
232;Royal Canin KITTEN 36 Корм для котят 2kg;шт.;9;11425;702423;3182550702423
231;Royal Canin MOTHER&BABY CAT 2kg. Корм Роял Канин для котят от 1 до 4 месяцев и кормящих кошек.;шт.;8;11425;707312; 3182550707312
229;Royal Canin MOTHER&BABY CAT 400g. Корм для котят до 4 месяцев 400g;шт.;3;2580;707305;3182550707305
235;Royal canin KITTEN 36 Корм для котят 10kg;шт.;2;51475;702973;3182550702973
264;Royal canin MOTHER&BABY CAT 10 KG Корм для котят до 4 месяцев 10 кг;шт.;2;51075;724432;3182550724432
215;Brit Premium Cat Duck & Chicken сухой премиум класса с уткой и кур. д/взр стерил кошек 2;шт.;2;10450;049820;4680265049820
214;Brit Premium Cat Light сухой корм премиум класса с курицей для кошек с избыт. весом 2 кг;шт.;3;8800;049790;4680265049790
208;Brit Premium Cat Sterilised Chicken сухой корм премиум класса с кур д/взр Стерил кошек 2 к;шт.;3;10480;049585;4680265049585
216;Brit Premium Cat Sterilised Salmon & Chicken сухой премиум кл с лос и кур д/взр стерил 2 кг;шт.;3;10450;049851;4680265049851
401;Monge Cat Monoprotein Sterilised Beef с говядиной 1.5 кг;шт.;1;9400;005524;8009470005524
400;Monge Cat Monoprotein Sterilised Trout корм для стерилизованных кошек с форелью 1,5 кг;шт.;2;9000;005494;8009470005494
243;Royal Canin KITTEN STERILISED 2 кг Корм для стерилизованных котят;шт.;3;10975;805186;3182550805186
260;Royal canin STERILISED 37 10kg. корм для стерилизованных кошек 10kg;шт.;11;48075;737623;3182550737623
316;Royal canin STERILISED 37 400 gr. корм для стерилизованных кошек;шт.;10;2555;737555;3182550737555
244;Royal canin STERILISED 37 корм для стерилизованных кошек 2kg;шт.;2;10485;737593;3182550737593
435;RIO корм для средних попугаев в период линьки 500 гр;шт.;2;1350;781119;4602533781119
394;Monge Adult Light Salmon and Rice 2,5кг/Облегченный для собак всех пород;шт.;2;10900;011228;8009470011228
84;Monge All Breeds Adult Beef & Rice  для взрослых собак всех пород Телятина и рис 2,5 кг;шт.;1;10835;004947;8009470004947
389;Monge All Breeds Adult Rabbit для собак всех пород с кроликом, рисом и картофелем 2.5 кг;шт.;2;11500;011143;8009470011143
74;Monge All Breeds Adult Salmon для собак всех пород с лососем 2.5 кг;шт.;3;10450;011297;8009470011297
87;Monge BWILD DOG GRAIN FREE Duck & Potatoes \ Утка и картофель \ все породы 2,5 кг;шт.;2;14490;004732;8009470004732
79;Monge BWILD DOG GRAIN FREE Salmon & potatoes \ Лосось и горох \ все породы 2,5 кг;шт.;5;14640;011716;8009470011716
79;Monge BWILD DOG GRAIN FREE Salmon & potatoes \ Лосось и горох \ все породы 2,5 кг;шт.;5;16840;011716;8009470011716
399;Monge BWild LOW GRAIN Dog Adult Wild Boar 2,5 кг корм с мясом кабана;шт.;2;12250;011990;8009470011990
80;Monge DOG BWILD LOW GR DEER ALL Щенки\юниоры всех пород с мясом оленя низкозерновой 2,5 кг;шт.;1;13525;011853;8009470011853
82;Monge DOG BWILD Low Grain Goose All Br Adult\ Сухой корм для взрослых собак всех пород с мясом гуся низкозерновой 2,5 кг;шт.;3;11730;012102;8009470012102
398;Monge Dog Bwild Low Grain оленина 2.5 кг;шт.;2;13500;011983;8009470011983
77;Monge EXTRA SMALL Adult Salmon и Rice 2,5 kg;шт.;4;10000;011464;8009470011464
390;Monge Hypoallergenic Salmone & Tuna \ Гипоалергенный \ Лосось и Тунец 2,5 кг;шт.;2;11895;;8009470011167
78;Monge Mini Adult Salmon для собак мелких пород с лососем 2.5 кг;шт.;2;10500;011570;8009470011570
396;Monge Mini Lamb,rice& potat. Adult \ Взрослые \ Ягненок, рис, карт. 2,5 кг;шт.;1;11000;011549;8009470011549
86;Monge Special Dog Excellence Medium Adult Pollo 3 KG;шт.;2;13800;060028;8009470060028
22;NP Nature's Protection Adult Lamb (ягненок) 500г;шт.;3;1675;457486;4771317457486
30;NP Nature's Protection Extra Salmon All breed dog(лосось) 2kg;шт.;3;5490;457516;4771317457516
20;NP Nature's Protection Lifestyle Grain Free Adult Salmon&Krill 1.5кг;шт.;2;4700;456809;4771317456809
19;NP Nature's Protection Lifestyle Grain Free Adult White Fish с белой рыбой 1.5кг для собак;шт.;1;5000;456847;4771317456847
25;NP Nature's Protection Mini Extra Salmon (лосось) 2кг;шт.;2;6250;457370;4771317457370
295;NP Nature's Protection SCare Sensitive Skin&Stomach Lamb Adult Small Breeds 1.5kg для взр.собак малых пород;шт.;2;6000;457943;4771317457943
336;REFLEX PLUS MEDIUM LARGE BREED ADULT DOG FOOD LAMB AND RICE 15KG Сухой корм для взрослых собак крупных и средних пород с ягненком и рисом;шт.;3;22835;003452;8698995003452
334;REFLEX PLUS MINI SMALL BREED ADULT DOG FOOD CHICKEN 3KG Сухой корм для взрослых собак мелких пород с курицей;шт.;3;5450;003414;8698995003414
335;REFLEX PLUS MINI SMALL BREED ADULT DOG FOOD SALMON 8KG Сухой корм для взрослых собак мелких пород с лососем;шт.;3;13790;029391;8698995029391
323;Royal Canin CLUB ADULT CC 20kg. корм для взрослых собак вольерного содержания, ведущих неактивный образ жизни 20kg;шт.;3;41030;775267;3182550775267
324;Royal Canin ENERGY HE 20kg. Корм для взрослых собак с повышенной физической нагрузкой 20кг;шт.;3;44420;775274;3182550775274
318;Royal Canin MINI DIGESTIVE CARE 1 kg корм для собак с чувствительным пищеварением, 1 кг;шт.;1;6850;893947;3182550893947
263;Royal Canin Maxi Adult сухой корм для собак крупных пород 15КГ;шт.;1;48890;732154;3182550732154
332;Сухой корм для собак TRENDLINE ADULT DOG FOOD BEEF 1KG;шт.;3;1270;011716;8698995011716
195;Monge VetSolution Hepatic Dog 2 кг;шт.;1;11600;081177;8009470081177
194;Monge VetSolution Renal Dog 2 кг;шт.;1;12145;081139;8009470081139
273;Royal Canin GASTRO INT LOW FAT1.5kg. корм для собак, страдающих острым панкреатитом 1.5kg;шт.;5;9600;771153;3182550771153
269;Royal Canin GASTROINTESTINAL HIGH FIBRE DOG 2 kg;шт.;2;13440;771207;3182550771207
272;Royal Canin HEPATIC CANINE корм для собак, страдающих хроническим гепатитом 1,5kg;шт.;7;10895;771719;3182550771719
271;Royal Canin HYPOALL CANINE корм для собак, страдающих аллергией и непереносимость пищевых продуктов 2kg.;шт.;2;14875;710923;3182550710923
266;Royal Canin RENAL CANINE корм для собак, страдающих хронической почечной недостаточностью 2kg.;шт.;1;14700;710992;3182550710992
326;Royal Canin SENSITIVITY CONTROL CANINE 1,5kg;шт.;3;9845;710947;3182550710947
267;Royal Canin URINARY DOG S/O 2kg. корм для собак, страдающих циститами, наличием (или склонностью) струвитных камней в мочевыводящих путях 2kg.;шт.;5;11710;711036;3182550711036
268;Royal canin GASTRO INTESTINAL Корм для собак с расстройствами пищеварения 2 kg;шт.;2;12100;771054;3182550771054
76;Monge All Breeds Puppy & Junior Beef with Rice 2,5 kg;шт.;1;11050;011372;8009470011372
391;Monge All Breeds Puppy & Junior Lamb для щенков всех пород 2,5 кг;шт.;2;11500;011181;8009470011181
393;Monge All Breeds Puppy & Junior Salmon & Rice All Breeds \ Лосось и рис \ Щенки и юниоры всех пород 2.5 кг;шт.;2;11500;011204;8009470011204
333;REFLEX PLUS MINI SMALL BREED JUNIOR DOG FOOD CHICKEN 3KG Сухой корм для щенков мелких пород с курицей;шт.;3;5465;003391;8698995003391
197;Brit Premium Пауч д/ взрослых кошек, говядина и горошек в соусе 85гр;шт.;13;550;048816;4680265048816
201;Brit Premium Пауч д/ взрослых кошек, лосось и форель 85гр;шт.;14;550;048854;4680265048854
200;Brit Premium Пауч д/ взрослых кошек, треска в соусе 85гр;шт.;13;550;048847;4680265048847
205;Brit Premium Пауч д/ взрослых кошек, утка в соусе 85гр;шт.;14;550;048908;4680265048908
198;Brit Premium Пауч д/ взрослых кошек, цыпленок и индейка 85г;шт.;13;550;048823;4680265048823
206;Brit Premium Пауч д/ взрослых кошек, цыпленок и перепёлка в соусе 85гр;шт.;13;550;048915;4680265048915
219;Brit Premium Пауч для взрослых кошек ассорти из птицы в желе 85г;шт.;11;550;050130;4680265050130
223;Brit Premium Пауч для взрослых кошек треска в желе 85г;шт.;14;550;050178;4680265050178
221;Brit Premium Пауч для взрослых кошек тунец в желе 85г;шт.;14;550;050154;4680265050154
224;Brit Premium Пауч для взрослых кошек форель в желе 85г;шт.;11;550;050185;4680265050185
222;Brit Premium Пауч для взрослых кошек, цыпленок в желе 85г;шт.;14;550;050161;4680265050161
220;Brit Premium Пауч для взрослых кошек, ягненок в желе 85г;шт.;14;550;050147;4680265050147
418;MONGE CAT NATURAL ПАУЧИ Pacific tuna in Jelly \ Тихоокеанский тунец в желе 80 гр;шт.;11;1120;006873;8009470006873
425;MONGE CAT NATURAL ПАУЧИ Tuna & Chicken with srimp in Jelly \ Тунец, курица с креветками в желе 80 гр;шт.;12;1120;007764;8009470007764
419;MONGE CAT NATURAL ПАУЧИ Tuna with anchovies in Jelly \ Тунец с анчоусами в желе 80 гр;шт.;10;1120;006880;8009470006880
422;MONGE CAT NATURAL ПАУЧИ Tuna with beef in Jelly \ Тунец с телятиной в желе 80 гр;шт.;12;1120;006910;8009470006910
420;MONGE CAT NATURAL ПАУЧИ Tuna with salmon in Jelly \ Тунец с лососем в желе 80 гр;шт.;10;1120;006897;8009470006897
421;MONGE CAT NATURAL ПАУЧИ Tuna with shrimp in Jelly \ Тунец с креветками в желе 80 гр;шт.;12;1120;006903;8009470006903
409;Monge BWILD POUCH для кошек Беззерновые кусочки \Взрослые\ Анчоусы с овощами 85 гр;шт.;24;800;012775;8009470012775
101;Monge CAT GRILL ADULT LAMB пауч кусочки для взрослых кошек с ягненком 85г;шт.;24;750;013628;8009470013628
100;Monge CAT GRILL ADULT RABBIT пауч кусочки для взрослых кошек с кроликом 85г;шт.;38;750;013611;8009470013611
104;Monge CAT GRILL Senior mackrell пауч кусочки для пожилых кошек с макрелью 85г;шт.;24;750;013666;8009470013666
128;Monge CAT Grill Mix мультибокс 12 шт. влажного корма для стерилизованных кошек (телятина/петух/форель);шт.;9;8110;017527;8009470017527
129;Monge CAT Grill Mix мультибокс Набор паучей, 12 шт х 85 г. (6 шт с ягненком, 6 шт с кроликом).;шт.;7;7050;017534;8009470017534
130;Monge CAT NATURAL ПАУЧИ Tuna with duck in Jelly \ Тунец с уткой в желе 80 гр;шт.;22;1120;007771;8009470007771
408;Monge Cat BWild GRAIN FREE паучи из трески с креветками и овощами для взрослых кошек 85г;шт.;24;800;012768;8009470012768
106;Monge MONOPROTEIN паучи Монобелковый паштет \Взрослые \Индейка\паучи 85 гр.;шт.;22;760;013734;8009470013734
105;Monge MONOPROTEIN паучи Монобелковый паштет \Взрослые \Утка \паучи 85 гр.;шт.;22;760;013703;8009470013703
257;Royal Canin DIGEST SENSITIVE (Sensible) Влажный корм для кошек с чувствительным пищеварением12*85 (БЛОК);шт.;9;7880;309568;9003579309568
258;Royal Canin INSTINCTIVE 7+ (в соусе) Влажный корм для кошек старше 7 лет12*85G (БЛОК);шт.;4;7880;310182;9003579310182
252;Royal Canin INSTINCTIVE IN JELLY Влажный корм для кошек в желе12*85G (БЛОК);шт.;5;7880;309544;9003579309544
253;Royal Canin INSTINCTIVE IN LOAF Влажный корм для кошек паштет 12*85G (БЛОК);шт.;10;7880;003879;9003579003879
251;Royal Canin Instinctive (в соусе) 12*85гр (БЛОК);шт.;8;7880;308738;9003579308738
255;Royal Canin Intense Beauty IN JELLY Влажный корм для кошек в желе 2*85G (БЛОК);шт.;6;7880;311790;9003579311790
254;Royal Canin Intense Beauty Влажный корм для кошек в соусе 2*85G (БЛОК);шт.;9;7880;308721;9003579308721
302;Royal Canin Light Weight Care (в желе) Влажный корм для кошек в желе12*85G (БЛОК);шт.;10;7880;311806;9003579311806
265;Royal Canin MAINECOON Влажный корм для мейнкунов 12*85 (БЛОК);шт.;6;8940;001202;9003579001202
281;Royal Canin Urinary Care (в соусе) 12*85ГР, (БЛОК)Полнорационный влажный корм для профилактики мочекаменной болезни для взрослых котов и кошек старше 1 года. Кусочки в желе.;шт.;6;8200;000359;9003579000359
327;Royal Canin Diabetic Cat Pouch (сахарный диабет) паучи 12шт;шт.;5;8565;011980;9003579011980
283;Royal Canin Gastro Intestinal Cat Pouch (диареи) 12*85гр (БЛОК);шт.;12;8565;013557;9003579013557
284;Royal Canin Gastrointestinal Moderate Calorie 12*85гр (БЛОК);шт.;9;8565;013601;9003579013601
278;Royal Canin RENAL BEEF CAT POUCH влажный корм, поддерживающий функцию почек 12*85гр ( говядина ) БЛОК;шт.;2;8565;000489;9003579000489
277;Royal Canin RENAL TUNA CAT POUCH корм, поддерживающий функцию почек 12*85 ( тунец ) БЛОК;шт.;3;8200;000519;9003579000519
282;Royal Canin Sensitivity Control Cat Pouch 12*85гр (БЛОК);шт.;5;8565;011423;9003579011423
279;Royal Canin URINARY MODERATE CALORIE 12X85G (БЛОК) влажный корм для кошек после кастрации/стерилизации или при предрасположенности к избыточному весу при лечении мочекаменной болезни;шт.;8;8565;010228;9003579010228
202;Brit Premium Пауч д/ котят, с белой рыбой в соусе 85 г;шт.;17;550;048861;4680265048861
202;Brit Premium Пауч д/ котят, с белой рыбой в соусе 85 г;шт.;17;570;048861;4680265048861
196;Brit Premium Пауч д/ котят, цыпленок в соусе 85гр арт 5048809;шт.;9;550;048809;4680265048809
217;Brit Premium Пауч д/котят Телятина с Морковью в желе 85г;шт.;12;550;050116;4680265050116
218;Brit Premium Пауч д/котят кролик в желе 85г;шт.;2;550;050123;4680265050123
423;MONGE Tuna with liver in Jelly Kitten - Тунец с печенью в желе, для котят 80гр.;шт.;12;1120;006927;8009470006927
99;Monge CAT GRILL KITTEN salmone пауч кусочки для котят с лососем 85г;шт.;22;750;013604;8009470013604
249;Royal Canin KITTEN IN LOAF (паштет) для котят 12*85G БЛОК;шт.;10;8275;003831;9003579003831
250;Royal Canin KITTEN STERILIZED 12X85G Влажный корм для стерилизованных котят 12 шт (БЛОК);шт.;14;8275;007129;9003579007129
248;Royal Canin Kitten Instinctive JELLY (в желе) БЛОК;шт.;6;8275;311783;9003579311783
203;Brit Premium Пауч д/ стерил кошек, куриная печень в соусе 85гр;шт.;14;550;048885;4680265048885
225;Brit Premium Пауч для взрослых стерилизованных кошек индейка с сыром в желе 85г;шт.;12;550;050192;4680265050192
228;Brit Premium Пауч для взрослых стерилизованных кошек мясное ассорти с потрошками 85г;шт.;9;550;050222;4680265050222
227;Brit Premium Пауч для взрослых стерилизованных кошек перепелка в желе 85г;шт.;10;550;050215;4680265050215
226;Brit Premium Пауч для взрослых стерилизованных кошек утка с яблоками в желе 85г;шт.;13;550;050208;4680265050208
199;Brit Premium для взрослых стерилизованных кошек с цыпленком в соусе, пауч 85г;шт.;13;550;048830;4680265048830
204;Brit Premium для взрослых стерилизованных кошек, лосось в соусе, пауч 85г;шт.;12;550;048892;4680265048892
207;Brit Premium для взрослых стерилизованных кошек, ягненок и говядина в соусе, пауч 85г;шт.;9;550;048922;4680265048922
102;Monge CAT GRILL STERILISED VEAL Пауч кусочки для стерилизованных кошек с телятиной 85г;шт.;24;750;013642;8009470013642
103;Monge CAT GRILL Sterilised trout пауч кусочки для стерилизованных кошек с форелью 85г;шт.;24;750;013659;8009470013659
410;Monge Cat BWild GRAIN FREE паучи из лосося с креветками и овощами для стерилизованных кошек 85г;шт.;24;800;012782;8009470012782
411;Monge Cat BWild GRAIN FREE паучи из тунца с креветками и овощами для стерилизованных кошек 85г;шт.;24;800;012799;8009470012799
126;Monge DOG GRILL MIX (блок) Кусочки Лосось, Свинина, Ягненок (Мультибокс) 12 шт;шт.;4;6980;017503;8009470017503
127;Monge DOG GRILL MIX (блок) Кусочки лятина, Треска, Курица с Индейкой (Мультибокс) 12 шт;шт.;4;6980;017510;8009470017510
303;Royal Canin CHIHUAHUA Корм для чихуахуа 12*85g;шт.;3;8515;001509;9003579001509
304;Royal Canin YORKSHIRE TERRIER корм для йоркширских терьеров 12*85g;шт.;2;8515;001431;9003579001431
46;NP Lifestyle лакомства для кошек мягкие полоски из рыбы 75г;шт.;1;1100;461544;4771317461544
50;NP Lifestyle Grain Free Salmon Healthy Skin & Coat Support 160g лакомства с лососем для активных взрослых собак;шт.;2;1500;472069;4771317472069
51;NP Lifestyle Grain Free White fish Active & Fresh 150g лакомство с белой рыбой для активных молодых собак;шт.;2;1500;472038;4771317472038
53;NP Nature’s Protection Comfort Calm лакомство для собак с птицей 160 гр;шт.;2;1430;472403;4771317472403
56;NP Nature’s Protection Superior Care White Dogs Clear Vision лакомство для собак с лососем 110g;шт.;2;1430;472014;4771317472014
57;NP Nature’s Protection Superior Care White Dogs лакомство для собак с белой рыбой 110g;шт.;2;1430;472007;4771317472007
54;NP Nature's Protection Poultry Healthy Growth for Junior dog 150 г с домашней птицей для щенков;шт.;2;1795;472380;4771317472380
58;NP Nature’s Protection Superior Care White Dogs лакомство для молодых собак с лососем 110g;шт.;2;1430;471987;4771317471987
66;Savic LOVE Закрытый Био туалет Nestor серо-черный;шт.;1;17000;922900;5411388922900
69;Savic Закрытый Био туалет Nestor с фильтром и дверцей, цвет бело серый, раз. 56*39*38,5;шт.;1;12000;022716;5411388022716
68;Savic Закрытый Био туалет Nestor с фильтром и дверцей, цвет голубой камень, раз. 56*39*38,5;шт.;1;12000;722784;5411388722784
70;Savic Закрытый Био туалет Reina, серый, размер 64*46*48;шт.;1;30000;205300;5411388205300
67;Savic Закрытый Био туалет бело голубой, размер 44,5*35,5*32;шт.;1;7465;200015;5411388200015
71;Savic лоток для кошек, размер 38см;шт.;3;2500;002169;5411388002169
72;Savic лоток с бортиком Isis, размер 42*31*12.5см;шт.;1;3500;026318;5411388026318
64;Savic совок для кош.лотка сер/беж;шт.;2;825;027803;5411388027803
65;Savic совок для кош.лотка сер/беж;шт.;3;825;027902;5411388027902
337;GIGWI Бутылка дорожная для воды для кошек и собак Пластиковая 500 мл 25,5*7 см 75189;шт.;3;3300;752081;4627077752081
460;Disney Миска керамическая Marvel Стражи галактики, 0,2л арт 30231025;шт.;2;2800;026290;4680384026290
457;TRIOL Миска керамическая "Барбос", 0,25л APT 30231034;шт.;1;2500;026955;4680384026955
459;TRIOL Миска керамическая "Котофей", 0,25л, APT 30231033;шт.;1;2800;026948;4680384026948
458;Миска керамическая КОСТОЧКИ №2 0,79 л. DOGMAN.;шт.;2;3700;615060;4650001615060
461;Миски металлические на подставке 2 * 0,2 л.;шт.;1;2650;110836;4605396110836
63;Savic миска пластик с поддоном серая, разм. 45*36*8;шт.;1;5640;029500;5411388029500
439;МИСКА пластиковая Догуш для животных 250мл;шт.;3;600;683381;4610004683381
440;МИСКА пластиковая Догуш для животных 350мл;шт.;3;700;683398;4610004683398
444;Миска "Cats" 0,7л. М4368;шт.;3;1200;507792;4627102507792
445;Миска Дарэлл №2 100мл;шт.;3;500;180404;4607114180404
446;Миска Дарэлл №3 200мл;шт.;3;800;180411;4607114180411
447;Миска Дарэлл д/кош нулевка RP2234;шт.;3;555;180350;4607114180350
452;Миска для животных МУР-МЯУ двойная на подставке, бежевый 0,3 л.;шт.;2;2500;520269;4655750520269
448;Миска для кошек "Дарэлл" двойная, 190/190 мл;шт.;3;1000;180374;4607114180374
441;Миска для кошек Cats 0,3л, цвет бежевый, пластик;шт.;3;600;145484;4627162145484
442;Миска для кошек Cats 0,3л, цвет серый, пластик;шт.;3;600;М4369;2000000004426
443;Миска для кошек Cats 0,7л, цвет бежевый, пластик М7799 Zoo Plast;шт.;3;1200;146160;4627162146160
453;Миска для кошек МУР-МЯУ голубой 0,2 л.;шт.;2;390;147228;4627162147228
455;Миска для кошек МУР-МЯУ голубой 0,3 л.;шт.;2;600;147266;4627162147266
454;Миска для кошек МУР-МЯУ св.бежевый 0,2 л.;шт.;2;390;147242;4627162147242
456;Миска для кошек МУР-МЯУ св.бежевый 0,3 л.;шт.;2;600;147280;4627162147280
437;Миска для кошек и собак Догуш двойная 2*250 мл;шт.;3;900;683411;4610004683411
438;Миска для кошек и собак Догуш двойная 2*350 мл;шт.;3;1100;683428;4610004683428
449;Миска пластиковая двойная "Дарелл" Объем: 150/250 мл;шт.;3;1200;181708;4607114181708
450;Миска пластиковая двойная ЕВРО, 2 * 250 МЛ. ДАРЭЛЛ.;шт.;3;900;180398;4607114180398
451;Набор мисок для кошек/собак 0,3л (с лотком), микс, пластик М3183 Zoo Plast (арт. 726570);шт.;2;3000;315953;4627096315953
312;Alpine Cat Classic (Нейтральный) гранулированный 12л;шт.;4;7000;101573;0745760101573
306;Alpine Cat Classic (Нейтральный) гранулированный 6l;шт.;24;3550;101313;0745760101313
311;Alpine Cat Green Tea (Зеленый чай) гранулированный 12л;шт.;8;7000;101306;0745760101306
307;Alpine Cat Green Tea (Зеленый чай) гранулированный 6l;шт.;24;3550;101344;0745760101344
310;Alpine Cat Lavender (Лаванда) гранулированный 12л;шт.;2;7000;101351;0745760101351
313;Alpine Cat Peach (Персик) гранулированный 12л;шт.;7;7000;101597;0745760101597
308;Alpine Cat Peach (Персик) гранулированный 6l;шт.;21;3550;101337;0745760101337
309;Alpine Cat Sakura гранулированный 6l;шт.;24;3550;101320;0745760101320
469;HAKASE AREKKUSU Наполнитель соевый комкующийся Кофе 10л Tofu;шт.;4;10000;235805;4607109235805
468;HAKASE AREKKUSU Наполнитель соевый комкующийся Персик 6л Tofu;шт.;5;7000;234181;4607109234181
141;Murkel силикагель крупный 10л. Алое вера 4.5кг;шт.;1;9500;311148;4603739311148
142;Murkel силикагель крупный 10л. Клубника 4.5кг;шт.;1;9500;311100;4603739311100
143;Murkel силикагель крупный 10л. Лаванда 4.5кг;шт.;1;9500;311070;4603739311070
144;Murkel силикагель крупный 10л. Нейтральный 4.5кг;шт.;2;9500;311018;4603739311018
145;Murkel силикагель крупный 10л. Скошенная трава 4.5кг;шт.;1;9500;311179;4603739311179
146;Murkel силикагель крупный 10л. Яблоко 4.5 кг;шт.;1;9500;311049;4603739311049
147;Murkel силикагель крупный 22л. Алое вера 10кг;шт.;1;20250;311384;4603739311384
148;Murkel силикагель крупный 22л. Клубника 10кг;шт.;1;20250;311391;4603739311391
150;Murkel силикагель крупный 22л. Лотос 10кг;шт.;1;20250;311544;4603739311544
151;Murkel силикагель крупный 22л. Нейтральный 10кг;шт.;1;20250;311377;4603739311377
152;Murkel силикагель крупный 22л. Роза 10кг;шт.;1;20250;311537;4603739311537
154;Murkel силикагель крупный 22л. Скошенная трава 10кг;шт.;1;20250;311353;4603739311353
153;Murkel силикагель крупный 22л. Яблоко 10кг;шт.;1;20250;311360;4603739311360
135;Murkel силикагель крупный 4л. Алое вера 1.8кг;шт.;2;3800;311131;4603739311131
136;Murkel силикагель крупный 4л. Клубника 1.8кг;шт.;2;3800;311094;4603739311094
139;Murkel силикагель крупный 4л. Нейтральный 1.8кг;шт.;1;3800;311001;4603739311001
138;Murkel силикагель крупный 4л. Скошенная трава 1.8кг;шт.;2;3800;311162;4603739311162
140;Murkel силикагель крупный 4л. Яблоко 1.8кг;шт.;2;3800;311032;4603739311032
472;Силикагелевый наполнитель Си Си Кэт 3,8л;шт.;3;5000;800734;4630001800734
38;CATLITTER наполн. 5л (древесные гранулы 8-10мм);шт.;5;1300;232415;4607109232415
37;CATLITTER наполн.20кг (древесные гранулы 8-10мм);шт.;5;5200;104040;2000926104040
471;No Name Древесный заполнитель 25л;шт.;5;4200;800321;4630001800321
473;Си Си Кэт - наполнитель (древесный) 8 л;шт.;1;1395;800826;4630001800826
34;CATLITTER carbon MAXI 5л комкующийся;шт.;2;1850;071709;4627115071709
36;CATLITTER наполн. 20кг комкующийся;шт.;12;6700;070634;4627115070634
39;CATLITTER наполн. 5л комкующийся фр-ия 1,4-2,4мм;шт.;2;1800;232422;4607109232422
188;MurZon Бентонит 5л. Алое вера 4кг;шт.;1;2200;990417;745178990417
187;MurZon Бентонит 5л. Лаванда 4кг;шт.;1;2200;990400;745178990400
190;MurZon Бентонит 5л. Яблоко 4кг;шт.;1;2200;990394;745178990394
164;Murkel 10л. Бентонит Алое вера 8кг.;шт.;2;5200;311506;4603739311506
165;Murkel 10л. Бентонит Кофе 8кг.;шт.;1;5200;311490;4603739311490
166;Murkel 10л. Бентонит Лаванда 8кг.;шт.;2;5200;311445;4603739311445
167;Murkel 10л. Бентонит Нейтральный 8кг.;шт.;1;5200;311469;4603739311469
163;Murkel 10л. Бентонит Роза 8кг.;шт.;1;5200;311476;4603739311476
168;Murkel 10л. Бентонит Сакура 8кг.;шт.;2;5200;311520;4603739311520
169;Murkel 10л. Бентонит Уголь 8кг.;шт.;1;5200;311452;4603739311452
170;Murkel 10л. Бентонит Яблоко 8кг.;шт.;2;5200;311438;4603739311438
155;Murkel 5л. Бентонит Алое вера 4кг.;шт.;1;2650;311209;4603739311209
156;Murkel 5л. Бентонит Клубника 4кг.;шт.;2;2650;311216;4603739311216
157;Murkel 5л. Бентонит Лаванда 4кг.;шт.;3;2650;311247;4603739311247
158;Murkel 5л. Бентонит Лимон 4кг.;шт.;2;2650;311223;4603739311223
159;Murkel 5л. Бентонит Нейтральный 4кг.;шт.;2;2650;311230;4603739311230
160;Murkel 5л. Бентонит Роза 4кг.;шт.;2;2650;311193;4603739311193
161;Murkel 5л. Бентонит Уголь 4кг.;шт.;2;2650;311254;4603739311254
162;Murkel 5л. Бентонит Яблоко 4кг.;шт.;2;2650;311186;4603739311186
180;Murkel Элита 10л. бентонит Кофе 8кг.;шт.;1;5700;311674;4603739311674
181;Murkel Элита 10л. бентонит Лаванда 8кг.;шт.;1;5700;311636;4603739311636
183;Murkel Элита 10л. бентонит Роза 8кг.;шт.;1;5700;311629;4603739311629
184;Murkel Элита 10л. бентонит Сакура 8кг.;шт.;1;5700;311681;4603739311681
185;Murkel Элита 10л. бентонит Уголь 8кг.;шт.;1;5700;311704;4603739311704
186;Murkel Элита 10л. бентонит Яблоко 8кг.;шт.;1;5700;311650;4603739311650
171;Murkel Элита 5л. бентонит Алое вера 4 кг.;шт.;2;2800;311582;4603739311582
172;Murkel Элита 5л. бентонит Клубника 4 кг.;шт.;2;2800;311780;4603739311780
173;Murkel Элита 5л. бентонит Лаванда 4 кг.;шт.;2;2800;311568;4603739311568
174;Murkel Элита 5л. бентонит Лимон 4 кг.;шт.;2;2800;311797;4603739311797
175;Murkel Элита 5л. бентонит Нейтральный 4 кг.;шт.;1;2800;311605;4603739311605
176;Murkel Элита 5л. бентонит Роза 4 кг.;шт.;2;2800;311551;4603739311551
177;Murkel Элита 5л. бентонит Уголь 4 кг.;шт.;1;2800;311698;4603739311698
178;Murkel Элита 5л. бентонит Яблоко 4 кг.;шт.;2;2800;311599;4603739311599
470;No name комкующийся наполнитель для кошачьих туалетов 15 кг;шт.;3;6750;800116;4630001800116
478;Petmil пеленки гелевые впитывающие одноразовые 60*40 уп.30шт;шт.;3;6000;430913;4627104430913
59;Переноска для животных Savic Авиа бокс 2-мя дверцами, бело-серый, размер 38x55.5x34см.;шт.;1;16000;322519;5411388322519
60;Переноска для животных Savic Авиа бокс, серо-голубой, размер 49x33x30см.;шт.;1;13995;326036;5411388326036
